5767236	1.0	1.0	0.45555555555555555	0.7777777777777777	1.0	1.0	0.6666666666666666	1.0	0.17777777777777778	0.2888888888888889	0.17777777777777778
7405571	0.5625	0.75	1.0	1.0	0.75	0.2222222222222222	0.5625	0.5555555555555556	1.0	0.5625	0.10555555555555556
8323073	0.75	0.75	0.7333333333333334	0.75	0.3444444444444444	0.7333333333333334	0.8333333333333334	0.75	0.4000000000000001	0.44761904761904764	1.0
13369408	0.611111111111111	0.2888888888888889	0.75	0.5277777777777778	0.40370370370370373	0.2611111111111111	0.26111111111111107	0.40370370370370373	0.2638888888888889	0.15	0.4037037037037037
3801095	1.0	0.3055555555555556	0.5714285714285714	0.5714285714285714	0.75	0.6666666666666666	0.75	0.11805555555555555	0.2222222222222222	1.0	0.6666666666666666
10682372	0.75	0.6666666666666666	0.4652777777777778	0.6145833333333334	0.875	0.8333333333333334	0.5416666666666667	0.46875	0.33055555555555555	0.7083333333333333	0.78125
10354691	1.0	0.15833333333333333	1.0	1.0	1.0	1.0	1.0	1.0	1.0	1.0	0.5555555555555556
917521	1.0	0.24999999999999997	0.25	1.0	1.0	0.49206349206349204	0.8333333333333334	1.0	0.20039682539682538	0.3333333333333333	1.0
16121922	0.875	0.675	0.28125	0.2673611111111111	0.7083333333333333	0.5	0.625	0.25277777777777777	0.6607142857142857	0.24444444444444444	0.2361111111111111
1441875	0.3958333333333333	0.3333333333333333	0.3958333333333333	0.3958333333333333	0.10902777777777778	0.3833333333333333	0.8333333333333334	0.10625000000000001	0.41666666666666663	0.29166666666666663	0.4479166666666667
19071040	0.5833333333333334	0.6	0.5625	0.6666666666666666	0.6666666666666666	0.6	0.18333333333333335	0.5833333333333334	0.10555555555555556	0.55	0.1
18546694	0.8333333333333334	0.611111111111111	0.5555555555555556	0.48333333333333334	0.6666666666666666	0.2222222222222222	0.15925925925925924	0.5555555555555555	0.75	0.2333333333333333	0.15595238095238095
13303872	0.3672222222222222	0.21333333333333332	0.385	0.395	0.3088888888888889	0.395	0.30944444444444447	0.14555555555555552	0.3822222222222222	0.3005555555555556	0.5122222222222221
5636109	0.5122222222222222	0.3985714285714286	0.5485714285714286	0.3422222222222222	0.22000000000000003	0.5066666666666667	0.38857142857142857	0.2072222222222222	0.31	0.2757936507936508	0.17079365079365078
5242963	0.5416666666666666	0.5	0.2888888888888889	0.47222222222222215	0.75	0.5833333333333334	0.5555555555555556	0.3333333333333333	0.13888888888888887	0.21428571428571427	0.20370370370370372
5570587	0.4583333333333333	0.4861111111111111	0.4583333333333333	0.4583333333333333	0.2809523809523809	0.4583333333333333	0.4861111111111111	0.4583333333333333	0.4166666666666667	0.4666666666666666	0.27499999999999997
2293772	1.0	0.7666666666666666	0.9	0.7666666666666667	0.9	0.8	0.6333333333333333	0.4955555555555556	0.11833333333333333	0.20666666666666664	0.7066666666666668
2555913	0.625	0.6458333333333334	0.6041666666666667	0.5857142857142856	0.5916666666666667	0.4583333333333333	0.6333333333333334	0.8	0.175	0.16904761904761903	0.5607142857142857
12189765	0.5833333333333334	0.5	0.47222222222222227	0.5833333333333334	0.5555555555555555	0.5666666666666667	0.5666666666666667	0.20555555555555557	0.47222222222222215	0.5666666666666667	0.38888888888888884
11730950	1.0	1.0	0.19576719576719573	0.7777777777777777	1.0	0.7777777777777777	0.7777777777777777	0.6666666666666666	1.0	0.12857142857142856	0.10000000000000002
18415630	0.5370370370370371	0.7222222222222223	0.5555555555555555	0.28888888888888886	0.5555555555555556	0.5	0.5	0.5555555555555555	0.7222222222222222	0.2888888888888889	0.7222222222222222
4915291	0.828125	0.8263888888888888	0.5053571428571428	0.7	0.7178571428571429	0.8303571428571428	0.8303571428571428	0.61875	0.7326388888888888	0.3518849206349206	0.2759920634920635
17301595	0.75	0.21944444444444444	0.3148148148148148	0.8333333333333334	1.0	0.7142857142857143	0.75	0.21944444444444444	0.7000000000000001	0.611111111111111	0.27499999999999997
3997767	0.5370370370370371	0.5333333333333333	0.5111111111111111	0.7037037037037037	0.5666666666666667	0.5370370370370371	0.4166666666666667	0.31666666666666665	0.31666666666666665	0.5333333333333333	0.42857142857142855
7995401	0.775	0.875	0.65	0.775	0.775	0.775	0.775	0.775	0.8333333333333334	0.775	0.325
2359299	0.7037037037037037	0.7083333333333334	0.7083333333333334	0.7083333333333334	0.1111111111111111	0.4861111111111111	0.3194444444444444	0.25555555555555554	0.5555555555555555	0.11574074074074074	0.38888888888888884
983109	1.0	1.0	0.611111111111111	1.0	1.0	0.4444444444444444	1.0	1.0	1.0	0.3194444444444444	1.0
7536716	1.0	1.0	1.0	0.8333333333333334	0.5833333333333334	0.8333333333333334	1.0	0.10000000000000002	0.5555555555555555	0.8333333333333334	0.20000000000000004
3604503	1.0	0.3214285714285714	1.0	0.18055555555555555	1.0	1.0	0.10555555555555556	0.19642857142857142	0.5714285714285714	0.5833333333333334	0.75
13303828	0.6666666666666666	0.675	0.6607142857142857	0.6666666666666666	0.425	0.8125	0.8	0.3333333333333333	0.6607142857142857	0.14375	0.8
18153541	0.5714285714285714	0.13392857142857142	0.13392857142857142	0.3125	0.125	0.125	0.75	0.1111111111111111	0.11805555555555555	0.75	0.3125
18415626	0.6666666666666667	0.675	0.3902777777777778	0.5833333333333333	0.625	0.7083333333333334	0.40625	0.675	0.6875	0.4458333333333333	0.35416666666666663
3014663	0.42023809523809524	0.42023809523809524	0.6535714285714286	0.6535714285714286	0.45	0.43999999999999995	0.5666666666666667	0.2452380952380952	0.14690476190476193	0.13833333333333334	0.6733333333333335
1835022	0.596031746031746	0.4904761904761905	0.6238095238095238	0.42936507936507934	0.6238095238095238	0.5404761904761904	0.6238095238095238	0.29603174603174603	0.596031746031746	0.5404761904761904	0.5472222222222222
19857423	0.35	0.375	0.35	0.41666666666666663	0.35	0.5833333333333334	0.3125	0.12698412698412698	0.1388888888888889	0.29166666666666663	0.12142857142857143
21823507	0.45555555555555555	0.4537037037037037	0.45555555555555555	0.43703703703703706	0.47222222222222215	0.75	0.1365079365079365	0.4920634920634921	0.4537037037037037	0.1259259259259259	0.5476190476190476
6619202	0.875	0.6666666666666666	0.875	0.875	1.0	0.875	0.5625	0.875	0.875	0.25416666666666665	0.2242063492063492
9502747	0.5771604938271605	0.445679012345679	0.5098765432098765	0.44753086419753085	0.2694444444444445	0.5787037037037037	0.5246913580246914	0.46494708994708994	0.6018518518518519	0.39537037037037037	0.4629629629629629
10420224	0.8958333333333334	0.8166666666666667	0.8928571428571428	0.6916666666666667	0.7541666666666667	0.8928571428571428	0.15133928571428573	0.3416666666666667	0.6083333333333334	0.18695436507936508	0.28055555555555556
7405574	0.4362433862433862	0.42433862433862435	0.36124338624338626	0.4095238095238095	0.3661816578483245	0.378042328042328	0.3649470899470899	0.4464285714285714	0.44576719576719576	0.3205026455026455	0.23143738977072312
9240578	1.0	1.0	0.8333333333333333	0.8333333333333333	0.1	0.8333333333333334	0.5875	0.5857142857142857	0.6875	0.8333333333333334	0.38333333333333336
8716309	0.5535714285714286	0.3288888888888889	0.5583333333333333	0.3007936507936508	0.5685714285714286	0.32380952380952377	0.26857142857142857	0.21857142857142856	0.40555555555555556	0.2507936507936508	0.3416666666666667
4718597	0.6388888888888888	0.7604166666666666	0.6510416666666666	0.6770833333333333	0.5416666666666666	0.7708333333333333	0.5081349206349206	0.46597222222222223	0.36493055555555554	0.5625	0.453125
13434883	0.75	0.7083333333333334	0.75	0.75	0.75	0.75	0.75	0.75	0.43125	0.75	0.43125
8060934	0.6191876750700279	0.6431372549019608	0.65	0.6745098039215687	0.4133053221288515	0.7431372549019608	0.5519607843137254	0.5489262371615312	0.28062558356676004	0.7143790849673203	0.3399159663865546
393226	0.8807692307692307	0.8141025641025641	0.8999999999999999	0.9384615384615385	0.8999999999999999	0.9423076923076923	0.8999999999999999	0.8782051282051283	0.8269230769230769	0.8717948717948718	0.8923076923076922
11141142	0.5979166666666667	0.5729166666666666	0.5520833333333333	0.5261904761904761	0.6041666666666666	0.5833333333333333	0.5729166666666666	0.5729166666666666	0.5875	0.5729166666666666	0.525
16056395	0.5729166666666667	0.7083333333333333	0.875	0.55625	0.6607142857142857	0.3277777777777778	0.3732142857142857	0.325	0.4375	0.4236111111111111	0.48333333333333334
3801096	0.6597222222222222	0.611111111111111	0.4305555555555555	0.5694444444444444	0.4930555555555555	0.5972222222222222	0.3071428571428571	0.5833333333333334	0.611111111111111	0.638888888888889	0.15687830687830687
2555917	0.6770833333333333	0.7083333333333333	0.4305555555555555	0.6770833333333333	0.6708333333333334	0.7708333333333333	0.6666666666666667	0.7083333333333333	0.671875	0.7291666666666666	0.775
8192070	0.6666666666666667	0.6458333333333333	0.7083333333333333	0.6000000000000001	0.15625	0.6125	0.13571428571428573	0.13363095238095238	0.1	0.1	0.875
19333126	1.0	1.0	1.0	0.5333333333333333	1.0	0.1037037037037037	1.0	1.0	0.1037037037037037	1.0	0.4000000000000001
6029320	0.6494047619047619	0.660515873015873	0.7041666666666667	0.6208333333333333	0.6416666666666667	0.6	0.7222222222222222	0.674404761904762	0.5659722222222222	0.7037037037037037	0.19427910052910055
1572933	0.5776041666666667	0.6673611111111111	0.3483382936507936	0.5506944444444444	0.6996527777777778	0.6788194444444444	0.6473958333333334	0.6348958333333333	0.5385416666666667	0.6057291666666667	0.390079365079365
3342417	0.5243055555555556	0.4392361111111111	0.48730158730158724	0.5161210317460317	0.4734126984126984	0.41388888888888886	0.5027777777777778	0.4	0.5493055555555555	0.5180555555555555	0.4291666666666667
9830471	0.9166666666666666	0.6435185185185185	0.7407407407407408	0.6574074074074074	0.5978835978835979	0.6351851851851852	0.7685185185185185	0.2819444444444445	0.412962962962963	0.3111111111111111	0.14907407407407405
6094864	0.7166666666666668	0.4888888888888889	0.7166666666666667	0.5777777777777777	0.4226851851851852	0.5777777777777778	0.4583333333333334	0.42638888888888893	0.3962962962962963	0.5055555555555556	0.5791666666666667
3473416	0.6145833333333333	0.78125	0.78125	0.78125	0.44791666666666663	0.78125	0.44791666666666663	0.38958333333333334	0.78125	0.7916666666666666	0.7916666666666667
1703938	0.6143162393162392	0.6681623931623931	0.5429487179487179	0.6014957264957265	0.5822649572649573	0.46474358974358976	0.5745726495726495	0.6006410256410256	0.5829059829059828	0.22484737484737483	0.28354700854700854
20381765	1.0	1.0	1.0	1.0	1.0	1.0	1.0	0.22777777777777777	0.13703703703703704	0.16666666666666666	0.7142857142857143
2293780	0.7333333333333334	0.7333333333333334	0.7333333333333334	0.7222222222222223	0.45555555555555555	0.7333333333333334	0.5555555555555556	0.5	0.25555555555555554	0.4920634920634921	0.4666666666666666
12517381	0.5833333333333333	0.3958333333333333	0.5416666666666666	0.41666666666666663	0.4666666666666667	0.6666666666666667	0.4375	0.34375	0.3940476190476191	0.4458333333333333	0.4027777777777778
4915270	0.875	0.6751700680272109	0.8061224489795918	0.770408163265306	0.5719954648526077	0.6255668934240363	0.3908730158730158	0.45510204081632655	0.3700113378684807	0.6434240362811792	0.4492063492063492
2818055	0.7541666666666667	0.7125	0.6395833333333334	0.7229166666666667	0.17708333333333331	0.6428571428571428	0.7229166666666667	0.6636904761904762	0.1511904761904762	0.11423611111111111	0.15833333333333333
6422615	0.8333333333333334	0.8333333333333334	0.8333333333333334	1.0	1.0	1.0	1.0	0.7037037037037037	0.75	0.10833333333333334	0.10833333333333334
13303887	1.0	1.0	1.0	1.0	0.16666666666666666	1.0	0.5	1.0	0.6	0.375	0.1875
6225932	0.911111111111111	0.911111111111111	0.911111111111111	0.911111111111111	0.911111111111111	0.8555555555555556	0.9259259259259258	0.7222222222222222	0.9259259259259258	0.8472222222222222	0.2587742504409171
5701640	0.6964285714285714	0.6779100529100529	0.7361111111111112	0.4556878306878307	0.7074074074074075	0.7037037037037037	0.7148148148148149	0.7148148148148148	0.509700176366843	0.3800705467372134	0.2617283950617284
7864392	1.0	0.8333333333333334	0.4142857142857143	0.7333333333333334	0.4537037037037037	0.45	0.75	0.7000000000000001	0.4537037037037037	0.4000000000000001	0.43703703703703706
4128789	0.3333333333333333	0.38888888888888884	0.611111111111111	0.3444444444444444	0.1865079365079365	0.12037037037037036	0.20833333333333334	1.0	0.611111111111111	0.5666666666666667	0.5370370370370371
9568274	0.53125	0.3833333333333333	0.41041666666666665	0.47291666666666665	0.5625	0.5416666666666666	0.6197916666666666	0.6197916666666666	0.6197916666666666	0.17812499999999998	0.5572916666666666
13893641	0.4777777777777778	0.2111111111111111	0.3	0.3	0.4777777777777778	0.22777777777777777	0.4777777777777778	0.4226190476190476	0.2638888888888889	0.3444444444444444	0.2638888888888889
10616915	0.4375	0.5083333333333333	0.4583333333333333	0.7083333333333333	0.6333333333333334	0.5	0.5833333333333333	0.4583333333333333	0.41666666666666663	0.6875	0.21874999999999997
6946827	0.6015873015873016	0.6015873015873016	0.49444444444444446	0.49444444444444446	0.6500000000000001	0.6214285714285713	0.6214285714285713	0.5904761904761904	0.6095238095238095	0.24285714285714288	0.3178571428571429
22216729	0.7333333333333334	0.7333333333333334	0.5476190476190476	0.5555555555555555	0.7333333333333334	0.611111111111111	0.4083333333333334	0.15	0.5333333333333333	0.4444444444444445	0.7037037037037037
18481157	0.45374149659863944	0.5242063492063492	0.3813492063492063	0.3099206349206349	0.40634920634920635	0.45873015873015877	0.309920634920635	0.45873015873015877	0.4489795918367347	0.24302721088435372	0.40770975056689346
2162688	0.875	0.875	0.875	0.875	0.875	0.875	0.625	0.875	0.4458333333333333	1.0	0.31666666666666665
12648464	0.4920634920634921	0.31666666666666665	0.48148148148148145	0.25	0.25	0.5	0.48148148148148145	0.23148148148148148	0.3333333333333333	0.24537037037037038	0.3111111111111111
18022412	0.8015873015873015	0.7777777777777778	0.49047619047619045	0.375	0.6706349206349206	0.8035714285714286	0.7047619047619048	0.5039682539682541	0.5059523809523809	0.3303287981859411	0.26904761904761904
8126481	0.6078947368421052	0.5728070175438598	0.5317251461988304	0.6005012531328321	0.5528404344193818	0.4935672514619883	0.606140350877193	0.5917293233082707	0.602046783625731	0.29530075187969923	0.2335839598997494
3670090	0.7666666666666667	0.38666666666666666	0.6166666666666667	0.5566666666666666	0.7666666666666667	0.6166666666666666	0.2866666666666667	0.3757936507936508	0.4333333333333333	0.5466666666666666	0.5166666666666667
4718657	0.5115740740740741	0.46527777777777773	0.42824074074074076	0.6574074074074074	0.2830687830687831	0.46527777777777773	0.5763888888888888	0.2199074074074074	0.3849206349206349	0.5972222222222222	0.5661375661375662
655360	0.6666666666666666	0.7777777777777778	0.6666666666666666	0.5555555555555555	0.8333333333333334	0.3444444444444444	0.6666666666666666	0.38888888888888884	0.4861111111111111	0.6666666666666666	0.1865079365079365
196610	0.6559829059829059	0.672008547008547	0.5598290598290598	0.688034188034188	0.5235042735042735	0.6752136752136751	0.6431623931623931	0.6623931623931624	0.6349206349206349	0.29792429792429787	0.5461538461538461
6291461	0.5148809523809523	0.5446428571428571	0.4910714285714285	0.4803571428571428	0.5005952380952381	0.5363095238095238	0.49940476190476185	0.4482142857142857	0.4619047619047619	0.2921485260770975	0.5755952380952382
3407946	1.0	1.0	1.0	1.0	1.0	1.0	1.0	1.0	1.0	1.0	0.5625
3014665	0.5	0.7333333333333334	0.4222222222222222	0.4622222222222222	0.4288888888888889	0.49523809523809526	0.49000000000000005	0.49523809523809526	0.4666666666666666	0.4222222222222222	0.4033333333333333
17498128	0.8148148148148148	0.8148148148148148	0.7777777777777777	0.7407407407407407	0.8148148148148148	0.8148148148148148	0.7814814814814814	0.7314814814814814	0.31710758377425047	0.5916666666666667	0.5056878306878307
21364800	0.775	0.6541666666666667	0.775	0.775	0.675	0.7083333333333333	0.6857142857142857	0.6916666666666667	0.6857142857142857	0.19598214285714285	0.49583333333333335
17891418	0.5777777777777777	0.7777777777777778	0.7777777777777778	0.7857142857142857	0.7777777777777778	0.3055555555555556	0.4384920634920635	0.7777777777777778	0.78125	0.15833333333333333	0.65625
11010079	0.632175925925926	0.530787037037037	0.5974537037037037	0.56875	0.43449074074074073	0.5048611111111111	0.5175925925925926	0.6092592592592592	0.47361111111111115	0.5328703703703703	0.4979166666666666
3211350	0.9285714285714286	0.5025510204081632	0.9285714285714286	0.9285714285714286	0.5489795918367347	0.4906462585034013	0.19104308390022678	0.5357142857142857	0.18764172335600907	0.20634920634920634	0.22261904761904763
3407943	0.790625	0.796875	0.7470238095238095	0.796875	0.778125	0.5282738095238095	0.8095238095238095	0.494047619047619	0.4239583333333333	0.46041666666666664	0.6930555555555555
13500436	0.75	0.75	0.875	1.0	0.875	0.7083333333333334	0.6666666666666666	0.10555555555555554	0.1419642857142857	0.21875	0.30654761904761907
24117273	1.0	0.8333333333333334	0.8333333333333334	0.7083333333333334	0.8333333333333334	0.8333333333333334	0.8333333333333334	1.0	0.8333333333333334	0.6666666666666666	0.24761904761904763
14811141	0.75	0.75	0.75	0.75	0.75	0.4666666666666666	0.5	0.48333333333333334	0.48333333333333334	0.7777777777777777	0.15833333333333333
6226005	1.0	0.7037037037037037	1.0	0.7777777777777778	0.4305555555555556	0.4259259259259259	0.7777777777777778	1.0	0.5833333333333334	0.2638888888888889	0.2111111111111111
17891328	0.5238095238095238	0.5674603174603174	0.5056547619047619	0.623015873015873	0.5833333333333334	0.5674603174603176	0.6035714285714285	0.5757936507936509	0.6869047619047618	0.5508928571428572	0.29083994708994715
7733337	0.26666666666666666	0.6666666666666666	1.0	1.0	1.0	1.0	0.5833333333333334	0.75	0.1125	0.41666666666666663	0.1125
16252946	0.85	0.8518518518518517	0.85	0.7666666666666666	0.8518518518518517	0.6851851851851851	0.8518518518518517	0.6904761904761904	0.6875	0.5324074074074074	0.6
19857434	0.5	0.47222222222222215	0.49206349206349204	0.5	0.5	0.5555555555555556	0.7000000000000001	0.5333333333333333	0.48148148148148145	0.5	0.26666666666666666
16056323	0.8333333333333334	0.7083333333333334	0.7083333333333334	0.7083333333333334	0.7777777777777778	0.7083333333333334	0.7142857142857143	0.7083333333333334	0.7142857142857143	0.7083333333333334	0.8333333333333334
3932168	0.4625	0.525	0.5750000000000001	0.45	0.575	0.525	0.525	0.24166666666666667	0.5666666666666667	0.4357142857142857	0.39404761904761904
1769562	0.6458333333333334	0.75	0.5916666666666667	0.6333333333333334	0.39375	0.5833333333333333	0.6666666666666666	0.7083333333333334	0.4583333333333333	0.3607142857142857	0.22291666666666665
2424847	0.6454545454545454	0.5675324675324676	0.7969696969696969	0.7545454545454546	0.7515151515151516	0.6606060606060606	0.6606060606060605	0.7515151515151515	0.7191919191919192	0.6507575757575758	0.5406565656565656
20119632	0.4777777777777778	0.4777777777777778	0.1074074074074074	0.3703703703703704	0.5333333333333333	0.1037037037037037	0.31111111111111106	0.7000000000000001	1.0	0.7000000000000001	0.1037037037037037
8716366	0.4007936507936508	0.3404761904761905	0.4035714285714286	0.37222222222222223	0.4174603174603175	0.4083333333333333	0.22666666666666666	0.4035714285714286	0.3574603174603174	0.3966666666666666	0.4416666666666667
4390947	0.7083333333333333	0.6125	0.7083333333333333	0.4895833333333333	0.6458333333333333	0.5916666666666667	0.6249999999999999	0.45625	0.55	0.6666666666666666	0.6125
10485764	0.875	0.6190476190476191	0.8333333333333334	0.875	0.6250000000000001	0.8333333333333333	0.8333333333333333	0.39999999999999997	0.8125	0.1384920634920635	0.36250000000000004
6946829	0.5607142857142857	0.5590277777777778	0.3340277777777778	0.5634920634920635	0.5607142857142857	0.5857142857142856	0.33125000000000004	0.15	0.40625	0.4166666666666667	0.5669642857142857
2949135	0.8518518518518517	0.7685185185185185	0.5601851851851852	0.5583333333333333	0.6875	0.7268518518518517	0.5145502645502645	0.24861111111111112	0.5499999999999999	0.40158730158730155	0.6138888888888888
2687006	0.8	0.5833333333333333	0.7	0.64	0.6333333333333333	0.55	0.18222222222222223	0.7	0.39	0.14055555555555554	0.1988888888888889
851994	0.5833333333333334	0.7777777777777777	0.75	0.7000000000000001	0.5277777777777778	0.7222222222222222	0.75	0.75	0.75	0.4305555555555556	0.13333333333333333
19005444	0.556423611111111	0.5876736111111112	0.33928571428571425	0.6397569444444444	0.5674355158730159	0.5407986111111112	0.4652529761904762	0.38861607142857135	0.5640625	0.34990079365079363	0.19513888888888886
4063318	0.6067460317460318	0.5459821428571429	0.6084821428571429	0.6739583333333333	0.4626488095238095	0.6084821428571429	0.4368055555555555	0.5194444444444444	0.3375	0.5125	0.18348214285714287
4784137	0.5275510204081633	0.44540816326530613	0.44540816326530613	0.44540816326530613	0.45612244897959187	0.46485260770975056	0.44540816326530613	0.4751700680272109	0.45612244897959187	0.38690476190476186	0.3059523809523809
10682407	1.0	1.0	0.8333333333333334	0.7083333333333334	1.0	0.7083333333333334	0.7333333333333334	0.7333333333333334	0.4259259259259259	0.4777777777777778	0.5555555555555555
23003174	0.5666666666666667	0.5833333333333334	0.7333333333333334	0.5	0.46428571428571425	0.5666666666666667	0.45555555555555555	0.75	0.5	0.5666666666666667	0.11798941798941798
8912969	0.4866666666666667	0.48511904761904756	0.6101190476190476	0.4920634920634921	0.5587301587301587	0.5599999999999999	0.45166666666666666	0.5041666666666667	0.6259523809523809	0.495	0.3392857142857143
21757973	0.3666666666666667	0.3666666666666667	0.3666666666666667	0.3111111111111111	0.3666666666666667	0.16203703703703703	0.167989417989418	0.425925925925926	0.3148148148148148	0.11798941798941798	0.18703703703703703
4259860	0.7999999999999999	0.7480158730158729	0.875	0.6765873015873015	0.6765873015873015	0.6746031746031745	0.7444444444444444	0.7587301587301587	0.6791383219954649	0.6174603174603174	0.24166666666666667
17498134	0.8400000000000001	0.74	0.8666666666666668	0.5185714285714286	0.39333333333333337	0.5366666666666667	0.5833333333333334	0.8400000000000001	0.7666666666666667	0.8666666666666666	0.19833333333333333
2555916	0.3630952380952381	0.625	0.45238095238095233	0.5833333333333334	0.4047619047619047	0.3854166666666667	0.6249999999999999	0.3794642857142857	0.3773809523809524	0.8	0.6666666666666667
9240671	0.8333333333333334	0.5833333333333334	0.8333333333333334	0.75	1.0	1.0	0.44166666666666665	0.8333333333333334	0.5555555555555555	0.75	0.5476190476190476
11141122	0.8055555555555557	0.75	0.9166666666666666	0.7777777777777777	0.9166666666666666	0.611111111111111	0.9166666666666666	0.8055555555555557	0.39814814814814814	0.5763888888888888	0.5145502645502645
8388624	0.6166666666666667	0.7333333333333334	0.43	0.6666666666666666	0.40714285714285714	0.31547619047619047	0.6666666666666667	0.5535714285714286	0.2816666666666666	0.319047619047619	0.21444444444444444
655395	0.6111111111111112	0.6083333333333334	0.6111111111111112	0.3412698412698413	0.48333333333333334	0.3875	0.3419642857142857	0.5875	0.5357142857142857	0.5729166666666666	0.775
18022430	1.0	0.7083333333333334	1.0	1.0	1.0	1.0	0.7142857142857143	1.0	1.0	1.0	0.7000000000000001
917528	0.5972222222222222	0.7083333333333334	0.7083333333333334	0.7916666666666666	0.6805555555555555	0.7416666666666667	0.6351851851851852	0.48194444444444445	0.7083333333333334	0.40370370370370373	0.5194444444444445
6553631	0.6296296296296295	0.5925925925925926	0.7592592592592592	0.7222222222222222	0.5185185185185185	0.7037037037037037	0.6518518518518518	0.75	0.6759259259259259	0.7444444444444445	0.1469135802469136
14024805	0.8333333333333334	0.8333333333333334	0.5666666666666667	0.8333333333333334	0.46428571428571425	0.1898148148148148	0.47222222222222227	1.0	0.1976190476190476	0.16428571428571428	0.7777777777777778
4194403	0.3333333333333333	0.41190476190476194	0.475	0.475	0.395	0.395	0.4033333333333333	0.395	0.2269047619047619	0.42857142857142855	0.38222222222222224
17170510	0.59375	0.625	0.44791666666666663	0.5354166666666667	0.4770833333333333	0.3784722222222222	0.5104166666666666	0.6886904761904762	0.6395833333333333	0.5555555555555556	0.3506944444444444
8650780	0.5	0.5666666666666667	0.3333333333333333	0.5833333333333334	0.5	0.4166666666666667	0.39999999999999997	0.7333333333333334	0.15833333333333333	0.15925925925925924	0.14537037037037037
4849681	0.7606060606060606	0.8560606060606062	0.7651515151515152	0.8060606060606061	0.753030303030303	0.7196969696969697	0.8666666666666667	0.8598484848484849	0.4857142857142857	0.44999999999999996	0.47662337662337656
2621530	1.0	1.0	1.0	1.0	1.0	1.0	1.0	1.0	1.0	0.10555555555555556	0.3214285714285714
8716387	0.54375	0.5555555555555556	0.5763888888888888	0.5555555555555556	0.5541666666666667	0.8888888888888888	0.4470238095238095	0.7803571428571429	0.24895833333333334	0.8875	0.4614583333333333
10158108	0.6666666666666666	0.6666666666666666	0.6666666666666666	0.625	1.0	0.55	0.5714285714285714	0.5555555555555556	0.5555555555555556	0.5714285714285714	0.6666666666666666
11272208	0.5727891156462585	0.7108843537414966	0.7108843537414966	0.5858843537414966	0.5799319727891156	0.5918367346938774	0.5918367346938774	0.5918367346938777	0.5918367346938774	0.6309523809523808	0.346031746031746
7536671	0.828125	0.7604166666666666	0.7006944444444444	0.8125	0.640625	0.8489583333333333	0.8458333333333333	0.859375	0.66875	0.7511160714285714	0.3802579365079365
9109593	0.4083333333333334	0.41222222222222227	0.35833333333333334	0.515	0.39166666666666666	0.4722222222222222	0.5174603174603175	0.24444444444444446	0.23555555555555557	0.6472222222222223	0.35888888888888887
2818096	0.75	0.2222222222222222	0.5476190476190476	0.75	0.75	0.7777777777777778	0.4365079365079365	0.8333333333333334	0.5666666666666667	0.8333333333333334	0.20833333333333334
10289192	0.7012345679012345	0.6964285714285714	0.7175925925925926	0.6408730158730158	0.503968253968254	0.5268518518518519	0.6234567901234569	0.45105820105820105	0.5621693121693121	0.6188271604938271	0.8492063492063492
3473436	1.0	1.0	1.0	1.0	0.8333333333333334	0.8333333333333334	0.8333333333333334	0.7142857142857143	0.2976190476190476	0.5370370370370371	0.7142857142857143
15204411	0.594047619047619	0.594047619047619	0.5858843537414966	0.6573129251700679	0.3227891156462585	0.661904761904762	0.6765873015873015	0.19795918367346937	0.33492063492063495	0.30374149659863947	0.5285714285714286
6750237	0.6785714285714286	0.6833333333333333	0.5685714285714286	0.6733333333333335	0.6685714285714286	0.661904761904762	0.6333333333333334	0.6285714285714286	0.6	0.6535714285714286	0.14277777777777778
11010076	0.5220238095238094	0.5572916666666666	0.4979166666666667	0.5027777777777778	0.6333333333333333	0.3763888888888889	0.48125	0.6447916666666667	0.3836805555555555	0.4626488095238095	0.3875
9699361	0.625	0.611111111111111	0.48333333333333334	0.47916666666666663	0.47916666666666663	0.5208333333333334	0.625	0.47916666666666663	0.6083333333333334	0.47916666666666663	0.4652777777777778
5111880	0.703125	0.703125	0.5746279761904762	0.7916666666666666	0.59375	0.7083333333333333	0.5465029761904763	0.6197916666666666	0.6692708333333333	0.5855654761904762	0.4703869047619047
4390951	0.5585858585858585	0.6767676767676768	0.6646464646464647	0.5434343434343434	0.604040404040404	0.6494949494949495	0.3485930735930736	0.48181818181818187	0.7787878787878788	0.33636363636363636	0.4487373737373737
2031707	0.6944444444444443	0.7222222222222223	0.6944444444444443	0.7222222222222223	0.7222222222222222	0.7222222222222223	0.6805555555555557	0.6805555555555557	0.7222222222222223	0.5972222222222222	0.4444444444444444
17367061	0.7978395061728395	0.79320987654321	0.7608024691358025	0.7608024691358025	0.6635802469135803	0.653395061728395	0.6493827160493827	0.6712962962962963	0.5970458553791888	0.4321649029982363	0.5451278659611992
15269923	0.75	0.8055555555555557	0.8055555555555557	0.5238095238095238	0.8055555555555555	0.5722222222222223	0.7499999999999999	0.75	0.4333333333333333	0.6722222222222222	0.5750000000000001
458830	1.0	0.5833333333333334	0.8333333333333334	1.0	0.7777777777777778	1.0	0.45555555555555555	0.75	0.5666666666666667	0.3333333333333333	1.0
6553690	0.5833333333333333	0.5083333333333333	0.4027777777777778	0.4895833333333333	0.5833333333333333	0.3277777777777778	0.4861111111111111	0.6607142857142857	0.46875	0.5357142857142857	0.45
1179698	0.7333333333333333	0.85	0.5333333333333333	0.8	0.75	0.3833333333333333	0.5166666666666667	0.6666666666666666	0.1538888888888889	0.11579365079365078	0.6285714285714286
22413349	0.13333333333333333	0.1388888888888889	0.3214285714285714	0.13333333333333333	0.6	0.3	0.13333333333333333	0.14583333333333331	0.3214285714285714	0.5714285714285714	0.6
8323161	0.49722222222222223	0.6305555555555556	0.49722222222222223	0.46388888888888885	0.4138888888888889	0.5472222222222223	0.4876984126984127	0.5185185185185185	0.1587962962962963	0.18796296296296297	0.5541666666666667
4718629	0.6	0.5833333333333334	0.68	0.74	0.4	0.16857142857142854	0.6619047619047619	0.75	0.32	0.13214285714285715	0.37857142857142856
3866682	0.6145833333333334	0.3611111111111111	0.44791666666666663	0.6666666666666666	0.3645833333333333	0.44791666666666663	0.3958333333333333	0.41666666666666663	0.4375	0.3958333333333333	0.3447420634920635
66	0.6770833333333333	0.6525000000000001	0.6697222222222223	0.6597222222222222	0.6759722222222222	0.6608333333333334	0.66625	0.67125	0.28095238095238095	0.5379166666666666	0.6284722222222223
12582947	0.6	0.7666666666666667	0.6285714285714286	0.44857142857142857	0.7222222222222222	0.5422222222222223	0.625	0.2783333333333333	0.6333333333333333	0.72	0.32357142857142857
7340068	0.7171717171717172	0.813131313131313	0.7323232323232322	0.2424242424242424	0.6141414141414141	0.7588383838383838	0.8585858585858586	0.7222222222222222	0.6994949494949494	0.2055555555555556	0.6994949494949495
36	0.555952380952381	0.6476190476190476	0.6934523809523809	0.55	0.7433333333333333	0.7476190476190476	0.775	0.29333333333333333	0.7365079365079366	0.13011904761904763	0.736111111111111
6553686	0.4375	0.875	0.5208333333333333	0.4375	0.6875	0.375	0.4041666666666667	0.3333333333333333	0.306547619047619	0.1736111111111111	0.11944444444444445
2490386	0.6496743996743997	0.6855718355718355	0.7763532763532763	0.7253154253154254	0.7844729344729345	0.8062678062678064	0.7308709808709809	0.6994301994301995	0.7189051689051689	0.630942205942206	0.6937321937321937
23789652	0.449074074074074	0.4027777777777778	0.3723544973544973	0.38425925925925924	0.38425925925925924	0.375	0.48055555555555557	0.375	0.27050264550264547	0.33377425044091713	0.22499999999999998
12451864	0.625	0.53125	0.5833333333333334	0.5416666666666666	0.53125	0.5833333333333333	0.14375	0.5	0.46875	0.11944444444444445	0.42777777777777776
8454173	0.19081632653061223	0.24104308390022675	0.27414965986394557	0.2239795918367347	0.2074829931972789	0.25056689342403626	0.2908730158730159	0.2384920634920635	0.186281179138322	0.1857142857142857	0.20277777777777778
6291495	1.0	1.0	0.5116666666666667	0.9	0.6222222222222222	0.31555555555555553	1.0	0.8400000000000001	0.10944444444444446	0.6666666666666667	0.1
3801118	0.15476190476190477	0.3214285714285714	0.17142857142857143	0.17142857142857143	0.5	0.23809523809523808	0.2	0.18333333333333335	0.5	0.17142857142857143	0.1875
13893684	0.7083333333333334	0.7142857142857143	0.7142857142857143	0.7083333333333334	0.7142857142857143	0.7222222222222223	0.7083333333333334	0.10833333333333334	0.17777777777777778	0.7142857142857143	0.17777777777777778
5177377	0.5726190476190476	0.5875	0.5177380952380952	0.5744047619047619	0.6541666666666667	0.5660714285714286	0.47873015873015873	0.49107142857142855	0.45444444444444443	0.23952380952380953	0.38
983069	0.4930555555555555	0.3849206349206349	0.40740740740740744	0.4444444444444444	0.5555555555555555	0.47222222222222215	0.4305555555555555	0.4916666666666667	0.4101851851851852	0.31851851851851853	0.5092592592592592
11665523	1.0	1.0	1.0	0.7142857142857143	1.0	1.0	0.7083333333333334	1.0	0.4142857142857143	0.24166666666666667	0.18148148148148147
9699358	0.19999999999999998	0.3444444444444444	0.4305555555555556	0.19206349206349205	0.19999999999999998	0.611111111111111	0.3444444444444444	0.7777777777777777	0.11203703703703705	0.3611111111111111	0.1416666666666667
10747991	0.62	0.7222222222222222	0.42000000000000004	0.62	0.7222222222222222	0.41999999999999993	0.72	0.4033333333333333	0.72	0.13936507936507936	0.9
9633832	0.5	0.48333333333333334	0.48333333333333334	0.47222222222222227	0.5555555555555555	0.5111111111111111	0.4666666666666666	0.4666666666666666	0.7037037037037037	0.43333333333333335	0.5476190476190476
851996	0.7635416666666667	0.721875	0.6783730158730159	0.7203869047619048	0.7203869047619047	0.7016369047619048	0.6541666666666667	0.6619791666666667	0.5063244047619048	0.6819444444444445	0.41874999999999996
5242967	0.875	0.6805555555555555	0.7083333333333334	0.7083333333333334	0.7083333333333334	0.875	0.7083333333333334	0.7916666666666666	0.7916666666666666	0.7083333333333334	0.8666666666666667
5111879	0.7147119341563786	0.7575102880658435	0.7227366255144033	0.7319958847736626	0.7403292181069959	0.7468547912992357	0.6668136390358612	0.7619341563786008	0.4783215755437978	0.5244268077601411	0.505188124632569
1441814	0.7161139455782314	0.6178571428571428	0.6785714285714286	0.6405187074829932	0.6399234693877551	0.630952380952381	0.5973639455782312	0.4376842403628118	0.6654761904761903	0.581547619047619	0.7170634920634921
5898283	0.875	0.9166666666666666	0.7916666666666666	0.7916666666666666	0.9166666666666666	0.7777777777777778	0.8571428571428571	0.10833333333333334	0.7708333333333334	0.6944444444444443	0.17817460317460318
9437209	0.8986928104575163	0.8643790849673202	0.8098739495798319	0.821638655462185	0.8991596638655461	0.8594771241830066	0.830532212885154	0.21622315592903826	0.3276844070961718	0.20245098039215687	0.4069327731092437
16908348	0.5416666666666666	0.25132275132275134	0.5666666666666667	0.75	0.611111111111111	0.5416666666666666	0.8333333333333334	0.2809523809523809	0.18148148148148147	0.5666666666666667	0.15833333333333333
17039420	0.8125	0.675	1.0	0.8125	0.4861111111111111	0.675	0.6875	0.26041666666666663	0.23402777777777778	0.3902777777777778	0.2277777777777778
3997739	0.6818181818181818	0.6136363636363635	0.6590909090909091	0.7575757575757575	0.712987012987013	0.6136363636363635	0.6924242424242424	0.7803030303030302	0.7196969696969696	0.922077922077922	0.20566378066378066
8585249	0.8333333333333334	1.0	0.8333333333333334	0.8333333333333334	1.0	0.5	0.49206349206349204	0.8333333333333334	0.7333333333333334	0.1037037037037037	0.11203703703703705
5374011	0.5555555555555556	0.2333333333333333	0.48333333333333334	0.45555555555555555	0.2698412698412698	0.48333333333333334	0.4583333333333333	0.16203703703703703	0.2111111111111111	0.7333333333333334	0.5666666666666667
11599914	0.75	0.5833333333333334	0.7222222222222222	0.5277777777777778	0.7777777777777777	0.7333333333333334	0.5333333333333333	0.5666666666666667	0.12222222222222223	0.18148148148148147	0.14814814814814814
1376283	0.6096096096096095	0.6449270699270698	0.6166666666666667	0.5948948948948949	0.5557378807378807	0.5584084084084084	0.5682432432432433	0.6117438867438867	0.5211282711282712	0.5447018447018446	0.5335907335907336
14483516	1.0	0.6333333333333333	0.7916666666666667	0.7916666666666666	1.0	0.875	0.5	0.8125	0.46875	0.675	0.4270833333333333
15138854	0.7222222222222223	0.7142857142857143	0.7222222222222222	0.7142857142857143	0.75	0.7222222222222223	0.7142857142857143	0.7333333333333334	0.75	0.3333333333333333	0.19576719576719573
393253	0.8055555555555555	0.8055555555555555	0.75	0.75	0.8055555555555555	0.6666666666666666	0.5972222222222222	0.5833333333333334	0.47222222222222215	0.22447089947089946	0.5694444444444444
4456497	0.9285714285714286	0.9285714285714286	0.9285714285714286	0.6095238095238095	1.0	0.7571428571428572	0.9285714285714286	0.9285714285714286	0.9285714285714286	0.24444444444444446	0.42857142857142855
3211301	0.6666666666666666	0.6666666666666666	1.0	0.8333333333333334	0.5416666666666666	0.8333333333333334	0.8333333333333334	0.43703703703703706	0.75	0.12222222222222223	0.43333333333333335
8519709	0.8928571428571429	0.7904761904761904	0.7976190476190476	0.6952380952380952	0.6238095238095237	0.7976190476190476	0.8095238095238094	0.875	0.8035714285714286	0.6952380952380952	0.17675736961451247
2490404	0.7013736263736264	0.5485042735042734	0.5507478632478633	0.5219474969474969	0.4804487179487179	0.5718864468864469	0.5642551892551892	0.4751526251526252	0.4856837606837606	0.458974358974359	0.36671245421245424
11665412	0.7083333333333333	0.6680272108843538	0.7857142857142857	0.6428571428571429	0.6904761904761905	0.611111111111111	0.6870748299319728	0.6873015873015873	0.6349206349206348	0.5992063492063492	0.36326530612244895
7536685	0.6666666666666667	0.5	0.675	0.6666666666666666	0.4458333333333333	0.4666666666666667	0.4375	0.6666666666666666	0.1222222222222222	0.22708333333333333	0.275
3211309	0.26904761904761904	0.4041666666666667	0.1825396825396825	0.1617063492063492	0.20654761904761904	0.26458333333333334	0.26904761904761904	0.26904761904761904	0.14027777777777778	0.2673611111111111	0.3523809523809524
1638486	1.0	0.6666666666666666	0.6666666666666666	0.8333333333333334	1.0	1.0	1.0	0.6666666666666666	0.5	0.1037037037037037	0.1369047619047619
1638444	0.7776041666666667	0.7463541666666667	0.6151041666666667	0.5841517857142857	0.6513020833333334	0.6994791666666667	0.7399181547619047	0.7750868055555555	0.7005208333333334	0.7417038690476191	0.28700396825396823
4718642	0.84375	0.875	0.875	0.875	0.7395833333333333	0.84375	0.8541666666666666	0.372172619047619	0.8333333333333334	0.40029761904761907	0.875
327728	0.6085858585858586	0.5191919191919192	0.4065656565656566	0.4185425685425685	0.5328282828282828	0.5434343434343435	0.4838383838383839	0.6757575757575758	0.3049062049062049	0.38333333333333336	0.3546176046176046
65625	0.9074074074074073	0.8587962962962963	0.8597883597883597	0.8597883597883598	0.7361111111111112	0.8796296296296295	0.898148148148148	0.8518518518518517	0.40895061728395055	0.7131834215167548	0.24695767195767193
14614630	0.45	0.7000000000000001	0.4083333333333334	0.4083333333333334	0.7000000000000001	0.7037037037037037	0.7037037037037037	0.7037037037037037	0.4777777777777778	0.41203703703703703	0.40370370370370373
6094899	0.7333333333333334	0.5476190476190476	0.5476190476190476	0.5833333333333334	0.5833333333333334	0.5555555555555556	0.5833333333333334	0.5833333333333334	0.5833333333333334	0.5833333333333334	0.15
8847474	0.6	0.7	0.55	0.6666666666666666	0.2894444444444445	0.5333333333333333	0.29301587301587306	0.5666666666666667	0.4733333333333333	0.55	0.39999999999999997
16121950	0.6	0.5833333333333334	0.6	0.625	0.625	0.3333333333333333	0.14583333333333331	0.35	0.20833333333333331	0.1875	0.225
8716361	0.85	0.85	0.85	0.7388888888888889	0.7388888888888889	0.7388888888888888	0.7708333333333334	0.7238095238095239	0.6279761904761905	0.23472222222222225	0.6626984126984127
14811234	0.6607142857142857	0.875	0.4583333333333333	0.5416666666666666	0.7083333333333334	0.5416666666666666	0.45625	0.53125	0.6607142857142857	0.4027777777777778	0.16736111111111113
3342386	0.4537037037037037	0.4537037037037037	0.4537037037037037	0.43703703703703706	0.46428571428571425	0.4537037037037037	0.49206349206349204	0.41798941798941797	0.4583333333333333	0.17037037037037037	0.4259259259259259
2162718	0.7954545454545454	0.7954545454545454	0.7992424242424242	0.7272727272727273	0.7992424242424243	0.8030303030303029	0.7288961038961038	0.2793470418470418	0.6470238095238094	0.8234848484848485	0.5129329004329004
1179665	0.8333333333333334	0.7222222222222222	0.638888888888889	0.75	0.6805555555555557	0.7222222222222222	0.8055555555555555	0.7222222222222222	0.7222222222222223	0.638888888888889	0.6055555555555556
8257591	1.0	0.75	0.75	1.0	1.0	1.0	1.0	0.55	0.75	0.1	0.55
12386352	0.3666666666666667	0.38888888888888884	0.8333333333333334	0.25925925925925924	0.48148148148148145	0.19576719576719573	0.3148148148148148	0.3611111111111111	0.4166666666666667	0.43703703703703706	0.23703703703703705
13434993	0.5846938775510205	0.5761904761904761	0.6037414965986395	0.4846938775510204	0.6751700680272109	0.5551020408163265	0.4099206349206349	0.6765873015873015	0.46825396825396826	0.11899092970521541	0.134297052154195
720944	0.6666666666666666	0.75	0.6666666666666666	0.6666666666666666	0.5	0.2222222222222222	0.3	0.375	0.12698412698412698	0.13333333333333333	0.6666666666666666
2293816	1.0	0.875	1.0	1.0	0.875	0.875	1.0	0.875	0.10625000000000001	0.875	0.875
6160419	0.5520833333333333	0.6122222222222221	0.7466666666666666	0.7441666666666666	0.74	0.609642857142857	0.7150000000000001	0.7209722222222222	0.6525000000000001	0.6883333333333334	0.6605555555555556
15597615	0.7708333333333333	0.8333333333333334	0.8303571428571428	0.7708333333333333	0.7053571428571428	0.7708333333333334	0.6875	0.7083333333333333	0.9	0.6666666666666667	0.11666666666666667
4259938	0.7083333333333334	0.6125	0.6458333333333334	0.5625	0.475	0.6607142857142857	0.5416666666666666	0.5857142857142856	0.4583333333333333	0.65	0.5607142857142857
1966117	0.1983333333333333	0.22666666666666666	0.1933333333333333	0.19	0.23523809523809525	0.2019047619047619	0.11579365079365078	0.2172222222222222	0.515	0.33166666666666667	0.7222222222222222
12058675	0.5666666666666667	0.5277777777777778	0.7777777777777777	0.5555555555555555	0.5555555555555555	0.5111111111111111	0.5666666666666667	0.611111111111111	0.4920634920634921	0.17777777777777778	0.8333333333333334
3473464	0.6839285714285714	0.6965277777777779	0.753125	0.6645833333333333	0.5708333333333333	0.5921875000000001	0.6346230158730158	0.565625	0.678125	0.6407738095238096	0.4194940476190476
7798826	0.6551587301587302	0.5479717813051147	0.6242283950617283	0.625132275132275	0.6001322751322751	0.6097222222222222	0.6664902998236332	0.5551587301587301	0.6294532627865962	0.4157848324514991	0.32352292768959434
12451875	0.7976190476190476	0.7261904761904762	0.6	0.6	0.7976190476190476	0.7261904761904762	0.5285714285714286	0.7261904761904762	0.7976190476190476	0.6706349206349207	0.2620748299319728
6684765	0.85	0.85	0.8272727272727273	0.7954545454545454	0.8446969696969696	0.7818181818181817	0.7098484848484848	0.7553030303030304	0.725	0.7592712842712842	0.7628787878787878
15597610	0.38888888888888884	0.5555555555555555	0.4305555555555556	0.7222222222222223	0.5555555555555555	0.3055555555555555	0.611111111111111	0.12857142857142856	0.11666666666666665	0.6666666666666666	0.13703703703703704
4194338	0.6091397849462364	0.599231950844854	0.5363799283154121	0.5874039938556067	0.514516129032258	0.4995007680491551	0.4431899641577061	0.5694316436251919	0.5503456221198156	0.4843061955965182	0.26068868407578083
1441855	0.7666666666666666	0.8092592592592592	0.8113425925925926	0.7245370370370371	0.7280092592592592	0.6967592592592592	0.6967592592592592	0.6842592592592593	0.3468584656084656	0.36607142857142855	0.5696428571428571
1507376	0.15555555555555556	0.2222222222222222	0.5555555555555556	0.75	0.1388888888888889	0.55	0.5555555555555556	0.2222222222222222	0.6666666666666666	0.1	0.5833333333333334
14286906	0.7000000000000001	0.7000000000000001	0.7000000000000001	0.7000000000000001	0.7000000000000001	0.7000000000000001	0.7000000000000001	0.7000000000000001	0.7037037037037037	0.39999999999999997	0.7000000000000001
14155870	0.611111111111111	0.7777777777777778	0.38888888888888884	0.611111111111111	0.5416666666666666	0.8333333333333334	0.7777777777777777	0.7777777777777778	0.5277777777777778	0.8333333333333334	0.2253968253968254
10682470	0.47916666666666663	0.4583333333333333	0.47916666666666663	0.4791666666666667	0.47916666666666663	0.47916666666666663	0.5208333333333334	0.4732142857142857	0.47916666666666663	0.20277777777777778	0.125
917550	0.3253968253968254	0.4476190476190476	0.38095238095238093	0.28095238095238095	0.5666666666666667	0.45555555555555555	0.4666666666666666	0.5666666666666667	0.32539682539682535	0.3148148148148148	0.1619047619047619
9764905	0.75	0.8333333333333334	0.875	0.75	0.75	0.8333333333333334	0.75	0.7083333333333334	0.8125	0.6333333333333334	0.10625000000000001
2228297	0.4458333333333333	0.4875	0.5	0.4875	0.4875	0.4875	0.5	0.4375	0.5625	0.3333333333333333	0.14821428571428572
14418033	0.8666666666666666	0.9	0.8	0.6285714285714286	0.6685714285714285	0.6888888888888889	0.8666666666666668	0.4822222222222223	0.5952380952380952	0.75	0.4866666666666667
65599	0.6545454545454545	0.7555555555555554	0.8090909090909091	0.7606060606060606	0.8257575757575758	0.7555555555555556	0.6848484848484848	0.7373737373737373	0.4435425685425685	0.6797979797979798	0.3205266955266955
9175103	0.6428571428571429	0.5714285714285714	0.4642857142857143	0.5873015873015872	0.6238095238095239	0.5714285714285714	0.5714285714285714	0.44421768707482995	0.8571428571428571	0.613095238095238	0.30396825396825394
2228279	0.7868686868686868	0.7891414141414141	0.7133838383838383	0.7111111111111111	0.6785353535353535	0.6414141414141414	0.7012626262626263	0.7376262626262626	0.5785894660894662	0.5921717171717171	0.570580808080808
2883617	0.7442129629629631	0.7392857142857142	0.7239583333333334	0.6226851851851851	0.784887566137566	0.7552083333333334	0.6847718253968252	0.5764880952380952	0.43210978835978836	0.6743055555555556	0.6385912698412698
65596	0.4563786008230452	0.5529688418577308	0.5423868312757202	0.5438712522045855	0.5420194003527337	0.5354938271604938	0.58179012345679	0.5387272192827748	0.5675338036449147	0.518562610229277	0.3691798941798942
2949172	0.63125	0.6416666666666666	0.63125	0.6833333333333333	0.6260416666666666	0.63125	0.6625	0.56875	0.6208333333333333	0.7015625	0.24144345238095236
8847454	0.7472222222222222	0.6361111111111111	0.8027777777777777	0.8027777777777777	0.7095238095238096	0.7214285714285713	0.42500000000000004	0.20246913580246914	0.167989417989418	0.13840388007054674	0.34982363315696646
3866734	0.6833333333333333	0.6214285714285713	0.5585034013605442	0.6095238095238095	0.6119047619047621	0.630952380952381	0.6666666666666666	0.6547619047619048	0.43690476190476196	0.4420634920634921	0.7071428571428572
983092	0.619047619047619	0.7619047619047619	0.5952380952380952	0.7857142857142857	0.7619047619047619	0.6428571428571429	0.9285714285714286	0.9285714285714286	0.4404761904761904	0.11984126984126983	0.6833333333333333
1900582	0.7604166666666666	0.7395833333333333	0.7447916666666666	0.7416666666666667	0.8489583333333333	0.7604166666666666	0.7991071428571428	0.6364583333333333	0.7994791666666667	0.6434027777777778	0.4323660714285714
11468854	0.6666666666666666	0.45555555555555555	0.611111111111111	1.0	0.5	0.611111111111111	1.0	0.40370370370370373	0.21666666666666667	0.47222222222222227	0.18333333333333335
1769522	0.8928571428571428	0.8375	0.8095238095238095	0.8541666666666666	0.2463293650793651	0.575	0.44201388888888893	0.6291666666666667	0.47500000000000003	0.5803571428571428	0.625
8585273	0.513888888888889	0.5972222222222222	0.75	0.5833333333333334	0.5932539682539683	0.4930555555555555	0.25787037037037036	0.30224867724867727	0.3796296296296296	0.5902777777777778	0.3819444444444444
1966125	0.8657407407407407	0.875	0.8657407407407407	0.7518518518518519	0.7749999999999999	0.7194444444444444	0.8194444444444444	0.8379629629629629	0.7222883597883598	0.7777777777777779	0.6598765432098764
6750245	0.7013888888888888	0.7152777777777777	0.7569444444444445	0.7083333333333334	0.7361111111111112	0.685515873015873	0.7527777777777778	0.763888888888889	0.8541666666666666	0.6069444444444444	0.10810185185185185
262207	0.72	0.7075	0.6950000000000001	0.7233333333333334	0.7116666666666667	0.650952380952381	0.7075	0.6566666666666666	0.673611111111111	0.6452380952380953	0.15873015873015872
7405631	0.8125	0.8095238095238095	0.8333333333333334	0.7470238095238095	0.75	0.6510416666666666	0.4833333333333333	0.6041666666666666	0.5625	0.14543650793650792	0.18799603174603174
6357045	0.47619047619047616	0.4523809523809524	0.5595238095238095	0.7321428571428571	0.5833333333333334	0.44897959183673475	0.5952380952380951	0.532312925170068	0.5251700680272109	0.413265306122449	0.4988095238095238
2752557	0.5398351648351648	0.5507326007326008	0.6124847374847374	0.5694444444444444	0.5950854700854701	0.575	0.6384615384615384	0.5621794871794872	0.6096153846153846	0.5694444444444444	0.27243589743589747
2228313	0.6683862433862432	0.6658399470899471	0.6813492063492065	0.674404761904762	0.674404761904762	0.660515873015873	0.6466269841269842	0.6654761904761904	0.7785714285714286	0.46597222222222223	0.43574735449735447
10616922	0.8947712418300654	0.7756535947712417	0.7588235294117647	0.8261437908496732	0.818954248366013	0.7895424836601306	0.8107843137254902	0.707843137254902	0.7624183006535947	0.7373249299719888	0.1750700280112045
720956	0.6301984126984127	0.4692857142857142	0.5317857142857143	0.6692857142857143	0.5171428571428571	0.5135317460317461	0.4954761904761904	0.32073412698412695	0.5651190476190476	0.23742063492063487	0.3378968253968254
4522036	0.65	0.6804093567251461	0.6495614035087719	0.6453216374269006	0.6182748538011695	0.6453216374269006	0.6697368421052632	0.6320175438596491	0.6312865497076023	0.6032163742690059	0.20071010860484542
983081	0.6791666666666666	0.7	0.6589285714285714	0.706547619047619	0.6345238095238095	0.6414115646258504	0.5450821995464853	0.455640589569161	0.5334750566893424	0.6176020408163266	0.5562925170068027
1900596	0.740079365079365	0.7698412698412699	0.740079365079365	0.7722222222222221	0.7698412698412699	0.8293650793650793	0.7936507936507936	0.7698412698412699	0.3150510204081632	0.1824263038548753	0.5066326530612245
8126518	0.875	0.875	0.875	0.7083333333333334	0.6875	0.3625	0.6458333333333333	0.4277777777777778	0.4277777777777778	0.65625	0.875
4980776	0.7634920634920633	0.7650793650793651	0.728968253968254	0.728968253968254	0.733968253968254	0.6746031746031745	0.6034126984126985	0.6623015873015874	0.6289682539682538	0.6601851851851852	0.3777777777777777
852026	0.55	0.55	0.55	0.55	0.55	0.55	0.5555555555555556	0.3055555555555556	0.5555555555555556	0.18055555555555555	0.5555555555555556
1769518	0.7658730158730158	0.5444444444444445	0.5428571428571429	0.7658730158730158	0.5428571428571428	0.5373015873015874	0.4158730158730159	0.423015873015873	0.4174603174603174	0.20969387755102042	0.4087301587301587
2818101	0.7424430641821946	0.7434782608695653	0.494927536231884	0.6	0.6239130434782608	0.6239130434782608	0.5289855072463768	0.5757763975155279	0.5985507246376811	0.4753623188405797	0.508143547273982
11599922	0.5853809523809523	0.6424444444444444	0.7064920634920635	0.6944444444444444	0.7642063492063491	0.7127777777777777	0.6003809523809523	0.6271111111111111	0.5479999999999999	0.4744920634920635	0.44322222222222224
